id,DemAffl,DemAge,DemCluster,DemClusterGroup,DemGender,DemReg,DemTVReg,PromClass,PromSpend,PromTime
1,5,54,35,D,U,Midlands,Midlands,Silver,1000.01,5
2,2,52,44,E,F,South East,London,Tin,0.01,9
3,9,60,18,C,M,South East,S & S East,Silver,3000.01,8
4,9,71,42,E,F,Midlands,Wales & West,Gold,6000,3
5,12,78,26,C,U,South East,London,Gold,6000,5
6,9,37,10,B,F,South East,London,Silver,3000,5
7,5,67,8,B,,Midlands,Midlands,Gold,6000,2
8,8,47,48,F,M,South East,London,Gold,6000,1
9,10,53,52,F,M,South East,London,Silver,720,9
10,12,55,1,A,F,South East,London,Gold,14800,28
11,8,44,4,A,F,North,N West,Gold,8000,3
12,11,37,35,D,F,Midlands,Midlands,Tin,0.01,4
13,12,70,6,B,F,South East,S & S East,Silver,4884.25,8
14,6,43,38,E,F,Scottish,N Scot,Gold,6000,2
15,8,45,38,E,,Midlands,East,Silver,0.02,5
16,8,63,33,D,F,Midlands,Wales & West,Platinum,20278.54,3
17,6,68,23,C,M,Midlands,Midlands,Silver,1000,1
18,13,33,25,C,M,Midlands,East,Silver,0.03,4
19,6,58,5,B,F,Scottish,Border,Gold,6000,4
20,10,52,10,B,F,North,Yorkshire,Gold,6000,1
21,13,68,44,E,F,South East,London,Gold,7500,6
22,11,49,53,F,M,Midlands,East,Tin,0.01,10
23,4,69,16,C,F,South East,London,Gold,9000,8
24,3,56,23,C,F,North,N East,Tin,0.01,8
25,8,69,8,B,U,Midlands,Wales & West,Tin,0.01,5
26,5,56,22,C,F,North,N West,Tin,0.01,8
27,7,53,51,F,F,Midlands,Wales & West,Gold,6000,2
28,3,NA,19,C,F,South East,S & S East,Gold,6053.35,7
29,12,65,51,F,F,South East,S & S East,Gold,6000,10
30,9,50,17,C,M,Scottish,C Scotland,Gold,12000,1
31,15,40,32,D,F,North,N West,Silver,360,9
32,9,51,14,B,F,South East,London,Silver,4800,4
33,11,42,31,D,F,South East,London,Tin,0.01,9
34,13,48,30,D,M,North,N West,Silver,3000,4
35,12,61,47,F,F,South East,London,Tin,0.01,4
36,10,54,52,F,F,Midlands,Midlands,Silver,100.01,5
37,8,48,NA,,M,Midlands,Ulster,Silver,2000,4
38,5,59,11,B,F,Scottish,Border,Silver,4000,4
39,NA,56,6,B,F,South East,S & S East,Silver,3000,1
40,10,51,4,A,F,South East,London,Silver,3000,8
41,NA,40,32,D,F,South East,London,Tin,0.01,4
42,NA,28,52,F,F,South East,London,Silver,5000,4
43,9,33,47,F,F,South East,London,Tin,0.01,5
44,10,49,52,F,U,,,Gold,6000,1
45,7,54,43,E,F,South West,S West,Silver,3000,10
46,4,61,17,C,M,North,N West,Gold,5000.01,8
47,NA,79,42,E,M,Midlands,Wales & West,Silver,1000,7
48,9,54,38,E,M,Scottish,Border,Silver,2100,7
49,6,NA,52,F,U,North,N West,Silver,480,5
50,10,46,8,B,M,Midlands,Midlands,Tin,0.01,5
51,6,35,37,E,M,Midlands,Midlands,Tin,0.01,4
52,8,47,32,D,M,South East,S & S East,Tin,0.01,5
53,15,55,21,C,F,South East,London,Silver,5000,4
54,15,46,52,F,F,North,N West,Silver,1000,4
55,10,66,23,C,F,Midlands,Wales & West,Gold,6000,2
56,11,NA,20,C,F,North,N East,Silver,1000,5
57,11,73,5,B,,South East,London,Gold,6000,4
58,9,72,NA,,F,Midlands,East,Tin,0.01,9
59,7,77,16,C,F,Midlands,Midlands,Silver,1000,18
60,13,70,5,B,,South East,London,Silver,2884.96,8
61,8,76,22,C,F,South East,London,Tin,0.01,7
62,8,45,4,A,,Scottish,C Scotland,Tin,0.01,5
63,7,53,14,B,M,South East,London,Silver,3000,9
64,NA,NA,38,E,F,North,Yorkshire,Tin,0.01,7
65,13,30,25,C,M,,,Silver,3000,3
66,11,40,34,D,F,,,Silver,750,8
67,7,34,27,D,U,North,N East,Gold,11000,2
68,7,70,18,C,M,North,N West,Silver,3000,13
69,11,74,19,C,F,Scottish,N Scot,Silver,150,2
70,NA,55,52,F,F,South East,London,Gold,5600,8
71,12,33,38,E,F,South East,London,Tin,0.01,8
72,7,58,12,B,M,North,N West,Silver,50.01,8
73,9,43,31,D,F,South East,London,Silver,3000.01,5
74,9,64,2,A,F,North,N West,Silver,4284.25,12
75,15,76,4,A,F,South East,S & S East,Silver,5000,4
76,9,58,25,C,F,North,N West,Gold,12106.69,7
77,12,NA,28,D,F,South East,London,Silver,3000,15
78,10,51,18,C,F,South East,S & S East,Gold,6000,6
79,5,74,32,D,,North,Yorkshire,Silver,2800,2
80,5,63,35,D,M,Midlands,East,Silver,5000,2
81,10,38,53,F,F,Midlands,East,Silver,285.01,8
82,5,71,6,B,M,North,N West,Gold,12000,2
83,9,50,17,C,F,Scottish,N Scot,Silver,0.02,4
84,NA,53,14,B,F,Midlands,Midlands,Gold,6762.98,29
85,10,52,25,C,F,South East,London,Tin,0.01,8
86,5,54,21,C,M,South East,London,Silver,4800,7
87,11,47,34,D,M,Midlands,East,Silver,100,5
88,7,65,52,F,F,Midlands,Midlands,Silver,4100,10
89,16,41,32,D,M,Midlands,East,Tin,0.01,4
90,19,NA,50,F,M,Scottish,C Scotland,Tin,0.01,5
91,NA,32,12,B,F,South East,London,Tin,0.01,5
92,13,38,52,F,F,South East,London,Tin,0.01,7
93,7,63,27,D,F,South East,S & S East,Silver,4842.12,8
94,11,65,36,E,,South East,London,Silver,4391.56,18
95,9,38,38,E,F,North,Yorkshire,Gold,5500,12
96,13,49,37,E,F,South East,S & S East,Platinum,25000,4
97,6,65,16,C,F,North,N West,Silver,3500,8
98,12,58,17,C,F,South East,London,Silver,3000,4
99,10,35,38,E,F,South East,London,Tin,0.01,8
100,12,65,47,F,F,North,N East,Silver,2500,1
101,13,64,5,B,M,North,N West,Gold,12000,8
102,10,NA,NA,,F,Midlands,Ulster,Silver,2000,13
103,9,56,32,D,F,North,N West,Silver,2074,4
104,9,47,1,A,F,Scottish,C Scotland,Tin,0.01,4
105,10,43,49,F,M,Midlands,East,Tin,0.01,8
106,5,77,18,C,F,South East,S & S East,Silver,250,19
107,5,45,21,C,F,South East,London,Tin,0.01,8
108,9,78,4,A,M,Midlands,Midlands,Silver,1000,3
109,5,60,35,D,F,North,N West,Gold,6000,4
110,8,63,16,C,,North,N East,Silver,500,1
111,12,61,11,B,F,Scottish,N Scot,Silver,4000,1
112,NA,37,22,C,F,North,N West,Tin,0.01,11
113,10,74,29,D,,South East,London,Gold,16000,4
114,5,43,22,C,M,South East,London,Gold,6000,5
115,8,28,50,F,M,Midlands,Midlands,Tin,0.01,8
116,12,74,3,A,F,Midlands,East,Gold,6000,5
117,2,51,30,D,F,Midlands,Wales & West,Silver,3600,11
118,14,69,16,C,F,Scottish,C Scotland,Platinum,31800,6
119,6,74,8,B,M,South East,S & S East,Silver,3000,12
120,19,31,40,E,F,South East,London,Tin,0.01,8
121,8,65,22,C,F,South East,S & S East,Tin,0.01,4
122,8,35,5,B,F,Midlands,Midlands,Tin,0.01,7
123,11,71,16,C,F,North,N East,Gold,5200,11
124,13,38,48,F,F,South East,London,Tin,0.01,4
125,8,61,10,B,M,North,N East,Gold,8107.64,5
126,10,75,19,C,M,South East,London,Platinum,26000,4
127,6,56,41,E,,South East,S & S East,Platinum,20718.19,3
128,10,NA,6,B,M,South West,S West,Silver,3000,5
129,7,30,27,D,U,South East,London,Tin,0.01,NA
130,4,52,10,B,F,South East,London,Gold,9200,16
131,2,46,5,B,F,South East,S & S East,Gold,6000,2
132,NA,65,NA,,M,South East,London,Silver,4000,4
133,10,NA,5,B,M,North,N West,Tin,0.01,5
134,13,42,42,E,,Midlands,Midlands,Silver,0.02,8
135,11,62,35,D,F,South East,S & S East,Silver,5000,1
136,7,33,44,E,M,South East,London,Tin,0.01,5
137,6,61,15,B,M,North,N West,Silver,3000,8
138,11,52,52,F,M,Scottish,C Scotland,Platinum,22000,1
139,4,49,49,F,F,North,Yorkshire,Silver,4200,6
140,8,75,19,C,M,South East,S & S East,Silver,2500,3
141,NA,66,9,B,M,South East,London,Silver,2035.88,4
142,3,51,28,D,M,North,N West,Tin,0.01,5
143,5,52,35,D,,North,N West,Tin,0.01,5
144,11,47,53,F,U,North,Yorkshire,Gold,6000,2
145,7,35,NA,,F,South East,S & S East,Tin,0.01,5
146,NA,43,41,E,M,Scottish,C Scotland,Tin,0.01,8
147,12,36,52,F,M,South East,London,Tin,0.01,5
148,11,68,27,D,F,South East,London,Platinum,20499.3,3
149,8,44,9,B,F,South East,London,Silver,1000,11
150,10,69,13,B,,South East,S & S East,Platinum,22000,5
151,11,66,50,F,M,Midlands,East,Platinum,26693.76,3
152,3,67,24,C,U,South East,S & S East,Gold,9000,8
153,8,59,28,D,F,South East,London,Tin,0.01,8
154,6,53,35,D,F,North,Yorkshire,Gold,6053.35,6
155,12,43,52,F,F,Midlands,East,Tin,0.01,4
156,10,69,28,D,F,North,N West,Silver,2000,8
157,13,NA,42,E,F,South East,S & S East,Silver,1000,6
158,3,68,25,C,F,South East,London,Gold,6000,5
159,22,54,12,B,F,Midlands,Midlands,Silver,480,11
160,9,70,6,B,F,South East,S & S East,Silver,3000,5
161,6,73,38,E,F,South East,London,Silver,1780.55,6
162,9,71,15,B,F,Scottish,C Scotland,Silver,4000,7
163,7,51,13,B,F,,,Silver,3000,3
164,11,58,49,F,F,South West,S West,Silver,1200.01,8
165,3,70,10,B,,Midlands,Midlands,Gold,8053.35,11
166,17,52,19,C,F,Midlands,East,Tin,0.01,4
167,8,30,35,D,F,North,N West,Tin,0.01,5
168,11,46,44,E,M,South East,London,Tin,0.01,5
169,NA,NA,27,D,F,Midlands,Wales & West,Silver,1000,5
170,8,NA,32,D,M,North,Yorkshire,Silver,420,5
171,6,48,38,E,M,South East,London,Silver,5000,4
172,16,36,52,F,F,Midlands,East,Tin,0.01,4
173,7,51,52,F,F,South East,London,Silver,2000,11
174,11,44,51,F,F,Midlands,Wales & West,Tin,0.01,8
175,12,35,27,D,M,South East,London,Gold,6000,3
176,5,64,9,B,F,Midlands,Midlands,Silver,1000,6
177,6,NA,1,A,U,South East,London,Gold,6000,NA
178,NA,64,52,F,M,Midlands,East,Silver,5000,2
179,8,64,2,A,M,Midlands,Midlands,Gold,6000,4
180,6,71,52,F,F,Midlands,Midlands,Silver,500,9
181,4,54,51,F,F,Midlands,Midlands,Gold,6000,2
182,9,30,44,E,M,Midlands,East,Silver,750,4
183,9,75,51,F,F,South East,London,Silver,1000,11
184,6,62,42,E,F,South East,S & S East,Gold,8300,8
185,14,71,27,D,,North,N East,Silver,3000,15
186,10,64,16,C,F,Midlands,Wales & West,Gold,6053.35,7
187,21,29,7,B,F,South East,London,Silver,630,3
188,9,50,32,D,F,Midlands,Midlands,Gold,7500,3
189,13,77,18,C,M,Midlands,Wales & West,Gold,6053.35,21
190,12,NA,12,B,M,North,Yorkshire,Silver,1000,1
191,NA,62,19,C,F,North,N West,Gold,8400,9
192,NA,51,46,F,F,North,N West,Tin,0.01,4
193,9,33,15,B,F,Midlands,Midlands,Gold,12000,2
194,6,69,52,F,F,South East,London,Gold,9000,5
195,19,56,53,F,F,Midlands,Midlands,Gold,7500,3
196,3,43,27,D,F,South East,London,Silver,100.01,8
197,3,46,34,D,M,South East,S & S East,Tin,0.01,5
198,12,62,15,B,F,South West,S West,Gold,12000,5
199,7,66,33,D,F,Midlands,Wales & West,Gold,12000,2
200,8,51,12,B,F,Midlands,Midlands,Gold,12215.28,6
201,11,49,14,B,F,South East,London,Tin,0.01,8
202,5,60,35,D,M,Scottish,C Scotland,Silver,5000,5
203,14,45,5,B,,South East,London,Gold,12000,8
204,7,53,1,A,,Scottish,C Scotland,Silver,3000,7
205,9,51,14,B,F,Midlands,Wales & West,Gold,6000,2
206,9,52,30,D,M,Midlands,East,Silver,1750,11
207,3,61,24,C,M,North,N West,Tin,0.01,5
208,11,63,53,F,M,North,N East,Silver,3240,12
209,6,34,27,D,F,Midlands,Wales & West,Tin,0.01,7
210,8,68,16,C,F,North,Yorkshire,Silver,3022.69,4
211,7,68,27,D,M,North,N West,Tin,0.01,8
212,6,70,7,B,M,South East,London,Silver,3000,2
213,6,45,27,D,F,South East,London,Gold,11053.35,7
214,13,NA,10,B,M,South East,London,Silver,2000,1
215,9,57,12,B,F,South East,London,Silver,3000,3
216,4,51,14,B,F,Midlands,Midlands,Gold,6000,3
217,10,34,39,E,F,South West,S West,Tin,0.01,5
218,6,65,4,A,F,South East,London,Silver,4000,4
219,14,67,28,D,M,Midlands,East,Silver,2000,8
220,8,37,34,D,M,South East,London,Tin,0.01,5
221,9,28,54,F,F,South East,S & S East,Silver,100,8
222,10,55,5,B,M,North,N West,Silver,1000,4
223,11,52,49,F,F,Midlands,Midlands,Gold,11000,9
224,15,31,52,F,F,South East,London,Silver,35,2
225,7,45,10,B,F,North,N West,Silver,100,1
226,9,61,37,E,M,North,N West,Tin,0.01,5
227,NA,31,20,C,F,North,N West,Silver,4952.78,1
228,6,48,22,C,F,South East,S & S East,Silver,4000,6
229,7,NA,8,B,M,South East,S & S East,Silver,3000,1
230,11,54,27,D,M,South East,London,Gold,6000,9
231,9,46,34,D,F,Midlands,East,Tin,0.01,9
232,10,65,40,E,M,South East,London,Gold,12107.64,6
233,5,51,16,C,,Midlands,Midlands,Platinum,34062.49,26
234,9,49,21,C,F,South East,London,Silver,300,8
235,7,54,4,A,F,North,N West,Gold,5924.64,14
236,13,60,26,C,F,South East,London,Gold,7000,2
237,7,49,10,B,F,Midlands,Wales & West,Silver,1000,5
238,10,73,19,C,,Midlands,Wales & West,Platinum,20496.41,3
239,7,73,37,E,M,Midlands,East,Tin,0.01,8
240,11,48,38,E,F,Midlands,East,Silver,2665.73,2
241,16,37,53,F,M,North,N West,Silver,0.02,5
242,9,47,51,F,,South East,London,Silver,10.2,10
243,7,59,5,B,,Midlands,Midlands,Silver,3200,5
244,10,48,10,B,F,North,N West,Gold,6000,13
245,10,36,52,F,M,Midlands,Midlands,Tin,0.01,5
246,10,27,52,F,F,South East,London,Silver,0.02,5
247,10,NA,26,C,M,South East,London,Tin,0.01,7
248,9,NA,24,C,F,Midlands,Midlands,Silver,2000,6
249,4,34,10,B,F,South East,S & S East,Tin,0.01,7
250,9,67,23,C,F,South East,S & S East,Gold,9000,8
251,6,47,38,E,M,North,Yorkshire,Silver,255.7,16
252,3,44,NA,,F,North,N East,Tin,0.01,6
253,9,68,41,E,F,South East,London,Platinum,20728.91,3
254,13,59,35,D,F,North,N East,Silver,3500,9
255,20,32,27,D,F,North,N East,Gold,6000.01,5
256,8,43,53,F,F,South East,London,Tin,0.01,5
257,8,56,52,F,M,South East,London,Gold,13000,5
258,10,61,24,C,F,Midlands,Midlands,Silver,4000,20
259,16,37,1,A,F,North,N West,Gold,12000,6
260,5,42,19,C,F,South East,S & S East,Silver,70.02,5
261,7,44,14,B,M,Scottish,C Scotland,Gold,14000,8
262,16,76,38,E,F,Midlands,Midlands,Gold,6000,2
263,12,49,37,E,F,Midlands,Midlands,Silver,3000,8
264,8,62,36,E,M,South East,S & S East,Tin,0.01,8
265,16,71,16,C,,South East,S & S East,Silver,780,12
266,7,76,37,E,F,Midlands,East,Gold,11400,8
267,11,56,45,E,F,Midlands,East,Silver,480,5
268,9,72,35,D,M,South East,London,Platinum,20498.42,3
269,9,78,10,B,,South East,London,Silver,2066.88,12
270,NA,73,37,E,F,Midlands,Midlands,Gold,7448.02,11
271,4,53,28,D,F,Midlands,Wales & West,Tin,0.01,4
272,9,54,43,E,,Midlands,East,Gold,18000,8
273,11,61,17,C,M,North,Yorkshire,Tin,0.01,5
274,8,78,35,D,F,Midlands,Midlands,Gold,6000,1
275,7,41,27,D,,South East,S & S East,Tin,0.01,4
276,11,NA,NA,,F,Midlands,East,Tin,0.01,7
277,6,44,28,D,F,Midlands,Midlands,Silver,50,9
278,8,49,51,F,F,North,Yorkshire,Tin,0.01,4
279,6,46,2,A,,Midlands,East,Silver,1020,9
280,NA,61,9,B,F,South East,London,Gold,6000,11
281,4,NA,23,C,F,South West,S West,Silver,2500,12
282,5,59,25,C,F,North,N West,Silver,5000,1
283,7,40,32,D,,South East,S & S East,Tin,0.01,5
284,6,55,18,C,F,Midlands,Midlands,Silver,1000,9
285,10,59,4,A,F,North,Yorkshire,Silver,50,10
286,11,NA,28,D,M,,,Gold,9000,3
287,7,79,28,D,F,Scottish,N Scot,Gold,16105.32,8
288,15,63,37,E,M,Midlands,Midlands,Silver,750,9
289,9,58,52,F,F,South East,London,Platinum,20369.93,3
290,11,78,34,D,,Scottish,C Scotland,Silver,500,1
291,6,59,27,D,U,South East,London,Silver,5000,6
292,13,34,22,C,F,South East,London,Silver,2400,1
293,4,38,NA,,F,Scottish,N Scot,Silver,3000,1
294,5,69,47,F,M,North,N West,Gold,5050,8
295,5,35,8,B,F,South East,S & S East,Tin,0.01,5
296,6,64,19,C,M,Midlands,Midlands,Gold,12000,2
297,10,72,3,A,U,South East,London,Gold,6500,18
298,10,49,49,F,U,Midlands,Midlands,Tin,0.01,9
299,7,52,27,D,F,South East,London,Tin,0.01,7
300,6,79,25,C,M,North,N West,Silver,3000,31
301,12,60,16,C,F,,,Tin,0.01,8
302,8,NA,37,E,F,Midlands,Midlands,Silver,500,2
303,6,58,37,E,M,South East,S & S East,Silver,3000,5
304,7,68,10,B,U,South East,London,Gold,6053.35,NA
305,6,70,12,B,F,North,N West,Gold,6000,8
306,8,38,50,F,M,North,N West,Tin,0.01,5
307,6,68,29,D,F,South East,London,Silver,1500,13
308,8,55,22,C,M,South East,S & S East,Tin,0.01,5
309,6,51,12,B,F,North,N West,Tin,0.01,4
310,9,31,35,D,F,South East,London,Silver,3500,1
311,7,51,27,D,F,South East,London,Tin,0.01,9
312,17,NA,1,A,F,South East,London,Silver,1000,13
313,11,NA,NA,,M,Midlands,Midlands,Silver,3000,6
314,10,49,7,B,,North,N East,Tin,0.01,8
315,8,50,18,C,M,North,N West,Tin,0.01,5
316,8,47,37,E,F,Midlands,Midlands,Tin,0.01,9
317,10,66,15,B,M,Midlands,East,Silver,2000,1
318,6,67,53,F,F,North,N West,Tin,0.01,8
319,7,61,35,D,M,Midlands,Midlands,Gold,13000,6
320,9,52,16,C,F,South East,London,Silver,3000,3
321,11,35,38,E,M,Midlands,East,Tin,0.01,5
322,10,61,8,B,F,South East,London,Gold,6000,2
323,7,62,28,D,,Scottish,N Scot,Silver,2000,7
324,7,NA,NA,,F,South East,London,Silver,0.02,8
325,7,77,30,D,M,South East,S & S East,Silver,1300,14
326,6,NA,49,F,M,South West,S West,Silver,2000,1
327,7,75,28,D,M,South East,London,Gold,12053.35,7
328,8,53,4,A,F,Midlands,Midlands,Silver,5000,26
329,12,57,28,D,M,Midlands,East,Gold,6000,2
330,9,67,19,C,M,South East,London,Gold,6000,5
331,2,NA,39,E,F,Scottish,N Scot,Gold,6000,13
332,11,39,40,E,F,South East,London,Silver,2800,1
333,6,51,38,E,M,South East,S & S East,Silver,1250,2
334,3,65,8,B,M,,,Gold,6000,1
335,12,NA,9,B,M,South East,London,Gold,8000,6
336,7,60,28,D,M,North,Yorkshire,Gold,18000,2
337,22,NA,53,F,F,Midlands,Wales & West,Silver,4000,5
338,6,69,14,B,M,South East,London,Gold,6000,1
339,8,70,4,A,,Scottish,C Scotland,Platinum,30712.01,7
340,8,33,19,C,M,Midlands,East,Silver,5000,2
341,14,73,12,B,F,South East,S & S East,Gold,10000,4
342,9,55,1,A,M,South East,London,Tin,0.01,4
343,6,69,31,D,M,South East,London,Silver,2000,5
344,NA,37,37,E,F,South East,S & S East,Gold,5514,4
345,7,35,8,B,F,South East,London,Silver,100,3
346,14,34,22,C,F,South East,London,Tin,0.01,10
347,11,36,10,B,F,South East,London,Silver,1050,1
348,12,32,51,F,F,Midlands,Wales & West,Silver,0.02,4
349,11,48,27,D,,Midlands,Midlands,Tin,0.01,7
350,2,30,46,F,F,North,N East,Tin,0.01,5
351,10,43,21,C,F,South East,London,Tin,0.01,NA
352,NA,61,24,C,F,South East,London,Gold,6000,2
353,8,NA,53,F,,Midlands,Midlands,Tin,0.01,4
354,9,44,28,D,F,North,N West,Tin,0.01,8
355,12,73,11,B,,Midlands,East,Silver,3000,5
356,11,52,32,D,F,North,N West,Silver,1500,8
357,8,63,46,F,M,North,N West,Silver,4000,2
358,NA,34,35,D,F,Midlands,Wales & West,Tin,0.01,5
359,6,70,37,E,,Midlands,East,Gold,16000,2
360,9,55,15,B,M,Midlands,East,Gold,5672.31,2
361,8,78,41,E,F,South East,London,Silver,3000,8
362,9,53,33,D,F,Midlands,East,Gold,6000,1
363,6,52,4,A,,North,N West,Silver,2430,2
364,9,66,4,A,F,South East,London,Tin,0.01,5
365,6,49,25,C,F,North,N West,Silver,1280,9
366,12,47,44,E,F,Midlands,East,Silver,500,9
367,19,74,2,A,F,Midlands,Midlands,Silver,4092.82,6
368,5,31,51,F,M,South East,S & S East,Silver,2000,1
369,14,50,8,B,M,South East,S & S East,Tin,0.01,4
370,7,74,45,E,F,Midlands,Midlands,Silver,3571.56,5
371,8,48,52,F,M,Scottish,C Scotland,Tin,0.01,8
372,14,44,7,B,,South East,London,Gold,12000,8
373,8,NA,38,E,F,Midlands,Midlands,Tin,0.01,5
374,11,26,38,E,F,South East,London,Silver,300,9
375,NA,77,4,A,F,South East,London,Gold,6053.35,7
376,11,66,35,D,,North,N West,Gold,6000,2
377,9,47,3,A,F,South East,London,Silver,954.63,9
378,12,66,12,B,F,Scottish,C Scotland,Gold,6053.35,5
379,9,57,23,C,F,Midlands,East,Silver,25,2
380,8,71,5,B,F,North,N West,Platinum,23587.02,7
381,NA,48,34,D,F,Midlands,Midlands,Silver,2000,12
382,9,41,25,C,F,South East,London,Silver,4000.01,9
383,7,43,15,B,M,Scottish,Border,Silver,3000,1
384,14,30,35,D,F,Midlands,East,Tin,0.01,7
385,10,44,34,D,F,South East,London,Tin,0.01,5
386,9,56,33,D,F,,,Gold,12000,1
387,8,76,41,E,F,Midlands,East,Platinum,35042.92,12
388,7,40,47,F,M,North,N East,Tin,0.01,4
389,11,55,24,C,,South East,London,Tin,0.01,7
390,12,46,4,A,M,South East,London,Silver,2035.25,5
391,10,44,4,A,F,Scottish,C Scotland,Silver,2000,1
392,6,NA,1,A,M,South East,London,Gold,9000,12
393,7,61,32,D,M,Midlands,Midlands,Platinum,20520.14,3
394,12,72,NA,,F,South East,London,Gold,6000,5
395,NA,49,37,E,F,North,N West,Silver,0.02,5
396,16,52,14,B,M,,,Gold,15000,10
397,9,70,10,B,M,South East,London,Silver,3000,0
398,10,49,41,E,,South East,London,Tin,0.01,8
399,12,64,27,D,F,Scottish,Border,Silver,2333.01,19
400,3,NA,17,C,F,North,N West,Gold,7500,2
401,10,72,52,F,F,Midlands,East,Gold,6053.34,4
402,5,57,7,B,F,South East,London,Gold,6315,5
403,4,39,47,F,F,North,Yorkshire,Tin,0.01,8
404,6,39,24,C,U,South East,London,Tin,0.01,8
405,7,63,NA,,F,North,Yorkshire,Tin,0.01,4
406,10,32,19,C,F,South East,London,Silver,3000,9
407,5,75,14,B,U,South East,London,Tin,0.01,4
408,4,NA,14,B,F,South East,London,Gold,12000,21
409,NA,72,37,E,M,Midlands,Midlands,Gold,10065.38,14
410,10,28,47,F,F,North,N West,Silver,3000,5
411,NA,58,17,C,F,South East,London,Gold,6000,2
412,8,75,27,D,F,Midlands,Midlands,Gold,15000,4
413,9,44,52,F,M,Scottish,C Scotland,Silver,1000,4
414,9,NA,14,B,M,South East,S & S East,Gold,18000,8
415,10,38,52,F,M,South East,London,Gold,9053.35,9
416,7,55,38,E,F,South East,S & S East,Tin,0.01,11
417,5,68,40,E,,South East,S & S East,Silver,3030,NA
418,8,60,NA,,M,South West,S West,Tin,0.01,5
419,3,44,48,F,,South East,S & S East,Tin,0.01,7
420,10,79,53,F,M,Midlands,Midlands,Silver,2000,18
421,3,62,28,D,F,South East,London,Tin,0.01,8
422,4,62,24,C,F,Midlands,Wales & West,Silver,3000.01,8
423,7,61,33,D,F,Midlands,Midlands,Silver,1260,2
424,8,58,25,C,U,Midlands,East,Gold,6000,3
425,11,35,33,D,U,South East,S & S East,Tin,0.01,5
426,NA,45,38,E,U,North,N East,Silver,1000,5
427,7,59,12,B,F,Midlands,Midlands,Gold,11701.6,2
428,5,65,35,D,F,North,N East,Silver,3000,8
429,10,63,14,B,F,Midlands,East,Gold,6000,2
430,11,58,13,B,F,South East,S & S East,Tin,0.01,12
431,3,61,35,D,F,Midlands,Wales & West,Gold,7000,6
432,17,61,52,F,F,Midlands,Midlands,Tin,0.01,8
433,9,44,38,E,F,North,Yorkshire,Silver,1600,9
434,15,69,44,E,F,Midlands,East,Tin,0.01,8
435,10,37,48,F,F,Midlands,Midlands,Tin,0.01,8
436,7,73,49,F,M,Midlands,East,Silver,1000,6
437,NA,33,12,B,M,Midlands,Wales & West,Silver,100,2
438,10,75,5,B,F,South East,London,Gold,12000,15
439,5,52,52,F,F,South East,London,Silver,300,9
440,NA,79,28,D,F,South East,London,Gold,6000,2
441,8,60,47,F,M,North,Yorkshire,Gold,7500,3
442,4,31,35,D,,North,Yorkshire,Tin,0.01,5
443,6,59,39,E,F,North,Yorkshire,Tin,0.01,8
444,NA,53,35,D,F,North,Yorkshire,Silver,820.01,7
445,7,33,52,F,F,Midlands,Wales & West,Tin,0.01,5
446,9,54,23,C,,Midlands,Wales & West,Tin,0.01,8
447,8,50,12,B,M,North,Yorkshire,Gold,6000,6
448,14,NA,5,B,F,South East,London,Gold,6000,25
449,10,51,7,B,U,South East,London,Tin,0.01,5
450,7,47,28,D,,South East,London,Tin,0.01,5
451,6,51,28,D,M,Midlands,Midlands,Silver,4000,5
452,11,48,52,F,F,South East,S & S East,Silver,3000,12
453,13,31,1,A,F,South East,London,Tin,0.01,6
454,10,67,4,A,M,South East,London,Gold,9000,7
455,6,52,53,F,F,Midlands,East,Tin,0.01,5
456,5,41,19,C,F,Midlands,Midlands,Gold,6105.32,7
457,8,27,54,F,,South East,S & S East,Silver,420.01,5
458,10,44,44,E,F,South East,London,Silver,600,1
459,6,37,48,F,F,South East,S & S East,Tin,0.01,4
460,14,43,52,F,F,South West,S West,Tin,0.01,8
461,5,38,14,B,U,Midlands,Wales & West,Tin,0.01,8
462,6,NA,32,D,F,North,Yorkshire,Silver,1000,3
463,10,47,41,E,M,Midlands,Wales & West,Silver,2000,2
464,8,72,52,F,F,South East,S & S East,Silver,3000,2
465,6,61,52,F,M,North,Yorkshire,Silver,5000,2
466,11,63,12,B,M,South East,S & S East,Gold,7500,9
467,10,55,6,B,F,South East,S & S East,Tin,0.01,11
468,8,78,13,B,U,North,N West,Gold,13000,4
469,5,32,9,B,M,South East,London,Silver,1200,1
470,14,66,8,B,F,South East,S & S East,Gold,18000,5
471,5,44,35,D,F,North,N East,Silver,1000,1
472,10,72,28,D,F,North,Yorkshire,Silver,3026.67,7
473,8,33,32,D,M,Midlands,Midlands,Tin,0.01,4
474,6,50,44,E,F,Midlands,Midlands,Silver,1000,10
475,NA,60,24,C,M,North,N West,Tin,0.01,5
476,NA,72,28,D,U,Midlands,Midlands,Silver,1000,17
477,10,69,23,C,,Scottish,Border,Gold,10000,25
478,9,NA,27,D,M,North,N West,Gold,6000,29
479,6,68,19,C,,Midlands,Midlands,Tin,0.01,5
480,10,32,50,F,M,Midlands,East,Gold,6000,1
481,9,55,34,D,,Midlands,Midlands,Tin,0.01,5
482,12,53,16,C,,North,N East,Tin,0.01,8
483,2,51,32,D,M,Midlands,Midlands,Tin,0.01,4
484,7,69,41,E,M,South East,S & S East,Silver,5000,2
485,5,NA,12,B,M,South East,London,Gold,6000,9
486,20,35,22,C,F,North,Yorkshire,Tin,0.01,9
487,3,NA,7,B,M,South East,London,Silver,3000,8
488,7,71,11,B,F,South West,S West,Gold,10000,6
489,7,47,16,C,M,Midlands,Wales & West,Tin,0.01,5
490,9,58,13,B,F,South East,S & S East,Tin,0.01,4
491,7,70,24,C,F,North,Yorkshire,Silver,2500,7
492,20,33,2,A,M,South East,London,Silver,1750,9
493,10,69,34,D,M,Midlands,East,Gold,6105.32,8
494,7,68,4,A,F,Midlands,Wales & West,Silver,3000,3
495,NA,75,3,A,F,South East,London,Gold,10000,4
496,2,70,8,B,,South East,London,Tin,0.01,9
497,9,75,52,F,,South East,London,Gold,12000,2
498,8,77,34,D,F,South East,S & S East,Platinum,71000,6
499,5,56,12,B,F,Midlands,Wales & West,Gold,18106.69,6
500,6,68,25,C,M,Midlands,Midlands,Silver,4000,3
501,13,48,NA,,F,North,N East,Tin,0.01,8
502,8,42,16,C,U,North,N West,Tin,0.01,5
503,5,70,23,C,,South West,S West,Silver,1000,5
504,NA,65,6,B,F,South East,S & S East,Gold,10000,7
505,12,76,19,C,,Scottish,Border,Silver,3000,30
506,14,48,32,D,F,North,Yorkshire,Tin,0.01,5
507,10,37,12,B,F,North,Yorkshire,Tin,0.01,7
508,5,55,28,D,M,South East,London,Tin,0.01,8
509,9,76,36,E,M,South East,S & S East,Gold,6000,2
510,13,50,49,F,M,Midlands,East,Gold,6053.34,4
511,8,29,10,B,U,South East,London,Silver,1000,1
512,8,41,51,F,F,North,N West,Tin,0.01,5
513,11,32,51,F,M,South West,S West,Silver,420,4
514,NA,57,27,D,F,Midlands,Midlands,Gold,12025,9
515,7,40,32,D,M,South East,London,Platinum,22384.96,9
516,5,69,23,C,U,Midlands,East,Silver,1500,12
517,10,47,16,C,M,Midlands,Midlands,Tin,0.01,8
518,7,40,27,D,F,North,N West,Gold,6105.32,7
519,8,54,28,D,,South East,S & S East,Silver,4500,5
520,5,47,16,C,M,Midlands,East,Gold,6105.32,7
521,9,60,52,F,M,Midlands,Wales & West,Gold,12000,11
522,12,NA,10,B,,South East,London,Silver,1000,4
523,16,54,37,E,F,North,N West,Tin,0.01,5
524,10,48,23,C,F,North,Yorkshire,Silver,600,8
525,9,46,5,B,,South East,S & S East,Gold,12000,5
526,23,32,NA,,F,South East,S & S East,Silver,3000,5
527,4,50,31,D,,North,N West,Silver,3500,1
528,6,50,22,C,M,South East,S & S East,Tin,0.01,5
529,4,45,NA,,U,Midlands,East,Silver,2000,5
530,7,75,11,B,M,North,Yorkshire,Gold,15000,4
531,9,67,27,D,,South East,London,Silver,1000,9
532,5,40,NA,,F,South East,S & S East,Tin,0.01,7
533,10,76,16,C,U,Midlands,Wales & West,Gold,16000,4
534,5,52,10,B,M,South East,London,Tin,0.01,8
535,9,NA,37,E,F,North,N West,Gold,6000,3
536,NA,74,22,C,F,North,N West,Gold,6500,1
537,10,33,38,E,F,South West,S West,Tin,0.01,8
538,6,70,6,B,M,Midlands,East,Silver,5000,9
539,16,34,16,C,M,South West,S West,Silver,1000,12
540,7,64,46,F,,South West,S West,Silver,3000,8
541,12,45,46,F,F,Midlands,East,Tin,0.01,4
542,12,55,20,C,F,South East,S & S East,Tin,0.01,8
543,6,42,33,D,M,Midlands,Midlands,Tin,0.01,5
544,7,71,2,A,M,South East,London,Platinum,30156.69,7
545,24,51,32,D,F,South East,S & S East,Gold,11500,1
546,5,46,27,D,F,South East,London,Silver,1500,5
547,9,63,14,B,M,Midlands,Midlands,Gold,6000,11
548,6,52,3,A,M,South East,London,Silver,1044.71,14
549,12,NA,4,A,F,South East,London,Silver,3000,6
550,13,25,41,E,F,Midlands,Midlands,Silver,1000,5
551,4,55,32,D,M,Midlands,Midlands,Gold,10000,3
552,8,62,4,A,F,South East,London,Gold,8864.21,19
553,6,54,32,D,,North,Yorkshire,Gold,10000,4
554,9,62,18,C,,Midlands,Midlands,Gold,6000,11
555,14,26,50,F,F,South East,London,Tin,0.01,5
556,7,NA,41,E,F,North,N East,Silver,2500,5
557,8,70,50,F,M,Midlands,Wales & West,Platinum,30000,5
558,7,41,38,E,F,Midlands,East,Silver,2000,2
559,8,41,33,D,F,South East,S & S East,Silver,1800,1
560,9,44,37,E,F,South East,S & S East,Silver,500,9
561,8,76,8,B,F,North,N West,Gold,6000,4
562,12,36,34,D,F,Midlands,Midlands,Tin,0.01,5
563,9,70,10,B,U,South East,London,Silver,1017.55,8
564,11,70,52,F,M,South East,London,Gold,18000,8
565,8,59,5,B,,North,N East,Tin,0.01,5
566,4,60,19,C,F,North,N West,Gold,7500,3
567,9,37,5,B,,Midlands,East,Silver,470,9
568,12,47,38,E,M,Midlands,Midlands,Gold,8500,5
569,8,47,34,D,F,Midlands,Midlands,Tin,0.01,8
570,9,58,2,A,,South East,London,Gold,8400,2
571,4,47,51,F,F,South East,London,Tin,0.01,5
572,13,77,35,D,F,North,N West,Platinum,20050,15
573,12,54,33,D,M,Midlands,East,Tin,0.01,5
574,NA,37,50,F,F,Scottish,C Scotland,Tin,0.01,10
575,5,54,47,F,,South East,London,Tin,0.01,6
576,10,58,8,B,F,North,Yorkshire,Tin,0.01,10
577,6,51,4,A,F,North,N West,Tin,0.01,5
578,12,65,45,E,,Midlands,Wales & West,Gold,12053.35,24
579,8,32,22,C,F,North,Yorkshire,Silver,350,9
580,9,70,24,C,U,Midlands,Wales & West,Silver,3000,14
581,16,71,11,B,U,North,N West,Tin,0.01,5
582,10,51,24,C,M,South East,S & S East,Silver,50.01,8
583,14,36,50,F,M,Midlands,East,Tin,0.01,11
584,8,64,2,A,F,South East,London,Gold,20000,4
585,19,53,NA,,M,South East,S & S East,Silver,1600,5
586,7,54,27,D,U,South East,London,Gold,6000,8
587,14,70,25,C,F,South East,S & S East,Silver,4438.16,5
588,8,75,4,A,F,Midlands,Midlands,Gold,6000,6
589,10,75,53,F,,Midlands,East,Silver,1500,4
590,14,58,10,B,,South East,London,Gold,6215.7,4
591,15,68,16,C,,Midlands,Midlands,Gold,9600,8
592,NA,43,18,C,F,South East,S & S East,Silver,600,1
593,16,57,9,B,F,South East,London,Silver,1000,5
594,7,56,41,E,F,Midlands,Wales & West,Tin,0.01,7
595,14,50,16,C,,North,N East,Gold,12000,2
596,7,41,35,D,F,North,N East,Tin,0.01,8
597,15,31,50,F,F,South East,London,Silver,100,1
598,7,72,27,D,M,Scottish,N Scot,Gold,19400,12
599,8,48,20,C,M,South East,London,Tin,0.01,20
600,10,59,34,D,M,South East,London,Tin,0.01,4
601,7,49,44,E,M,North,Yorkshire,Tin,0.01,8
602,NA,45,50,F,M,North,N East,Tin,0.01,5
603,7,62,32,D,F,,,Gold,6000,2
604,6,55,34,D,M,North,N West,Tin,0.01,5
605,8,57,8,B,M,Scottish,C Scotland,Gold,9000,9
606,8,37,35,D,F,Midlands,East,Tin,0.01,5
607,7,40,11,B,F,Scottish,N Scot,Tin,0.01,9
608,8,55,NA,,F,Midlands,Ulster,Gold,9000,5
609,7,73,8,B,F,Scottish,C Scotland,Gold,18017.73,8
610,6,79,41,E,F,Midlands,Midlands,Silver,3000,13
611,NA,75,15,B,F,Scottish,Border,Gold,11023.93,11
612,6,53,52,F,F,South East,London,Silver,3000,10
613,3,42,37,E,F,South East,London,Tin,0.01,5
614,14,64,16,C,M,North,N East,Silver,1500,4
615,10,68,23,C,,Midlands,Wales & West,Silver,5000,5
616,14,79,34,D,M,,,Silver,3000.01,5
617,10,46,53,F,M,South West,S West,Tin,0.01,4
618,2,51,25,C,,North,N West,Tin,0.01,9
619,9,43,35,D,F,Scottish,N Scot,Tin,0.01,8
620,6,68,31,D,F,South East,London,Gold,12000,8
621,12,73,11,B,F,North,Yorkshire,Platinum,22689.68,4
622,6,35,39,E,F,Scottish,C Scotland,Tin,0.01,5
623,15,NA,37,E,F,South East,London,Tin,0.01,8
624,12,NA,52,F,F,North,N West,Gold,16000,13
625,7,33,NA,,U,North,Yorkshire,Silver,2000,1
626,18,33,45,E,F,Midlands,Midlands,Silver,500,9
627,10,29,35,D,,South East,London,Tin,0.01,5
628,8,77,10,B,M,,,Gold,6000,1
629,15,58,24,C,,North,Yorkshire,Platinum,20374.82,3
630,16,47,41,E,F,South East,London,Tin,0.01,5
631,9,66,22,C,M,Midlands,Midlands,Tin,0.01,5
632,6,53,37,E,M,South East,S & S East,Silver,600,5
633,13,29,50,F,,South East,London,Tin,0.01,8
634,3,29,23,C,F,Midlands,Wales & West,Tin,0.01,5
635,10,60,32,D,,Scottish,C Scotland,Tin,0.01,5
636,6,75,42,E,U,South East,S & S East,Gold,10000,11
637,8,56,44,E,M,North,Yorkshire,Tin,0.01,5
638,9,51,32,D,F,North,N East,Silver,3000,3
639,11,47,53,F,F,Midlands,Wales & West,Silver,3000,5
640,10,65,24,C,F,South East,London,Silver,1500,4
641,7,76,1,A,M,South East,London,Tin,0.01,NA
642,12,34,38,E,F,North,N West,Tin,0.01,4
643,10,54,4,A,U,South East,London,Silver,3000,8
644,10,76,8,B,F,North,Yorkshire,Platinum,29847.32,31
645,15,NA,35,D,,North,N West,Tin,0.01,5
646,NA,45,43,E,M,South East,S & S East,Tin,0.01,8
647,10,38,16,C,F,North,N East,Tin,0.01,5
648,6,69,32,D,F,Midlands,Midlands,Silver,50.01,11
649,NA,27,38,E,F,South East,London,Silver,480,9
650,15,29,6,B,F,South East,S & S East,Silver,1000,2
651,11,46,28,D,F,South East,London,Gold,6000,1
652,10,NA,47,F,M,,,Gold,17782.83,9
653,12,61,12,B,M,North,N West,Gold,12000,6
654,8,66,28,D,F,South East,S & S East,Gold,12000,4
655,16,32,48,F,,South East,London,Tin,0.01,8
656,5,32,7,B,M,South East,London,Tin,0.01,8
657,8,66,37,E,M,Midlands,East,Silver,1200,9
658,7,40,NA,,F,South East,London,Silver,50,6
659,10,57,46,F,,Midlands,Midlands,Silver,500,4
660,4,78,30,D,,North,N West,Gold,12000.02,8
661,8,NA,18,C,M,South East,London,Silver,2000,5
662,9,76,30,D,F,South West,S West,Silver,3000,5
663,9,44,4,A,F,South East,London,Gold,6053.35,5
664,11,30,49,F,F,Midlands,East,Tin,0.01,5
665,10,62,4,A,F,South East,London,Silver,3000,8
666,NA,78,1,A,F,North,N East,Gold,19359.16,3
667,11,65,19,C,F,Scottish,N Scot,Silver,2850,18
668,7,NA,12,B,M,North,N West,Gold,20000,4
669,6,78,NA,,F,South East,S & S East,Gold,6827.6,6
670,12,71,31,D,F,South East,S & S East,Gold,12000,19
671,8,56,30,D,M,South East,S & S East,Silver,500,11
672,5,44,8,B,M,Midlands,East,Silver,1500,6
673,17,34,10,B,M,Midlands,East,Tin,0.01,4
674,10,44,17,C,F,Midlands,Midlands,Tin,0.01,4
675,8,52,12,B,F,North,Yorkshire,Silver,650.01,9
676,13,36,22,C,M,North,N East,Silver,5000,8
677,12,51,12,B,F,South East,London,Silver,2000.01,8
678,10,34,23,C,F,Midlands,Midlands,Silver,1680,4
679,5,68,22,C,,Midlands,Midlands,Silver,1800,9
680,4,53,12,B,,Midlands,East,Gold,10000,4
681,9,71,8,B,M,South East,S & S East,Gold,6000,1
682,8,70,9,B,F,South East,London,Gold,18000,3
683,10,NA,52,F,,Midlands,East,Gold,6000,2
684,4,60,37,E,F,North,N West,Tin,0.01,8
685,5,64,7,B,M,South East,London,Silver,1000,5
686,10,38,34,D,F,South East,London,Silver,500,9
687,8,60,12,B,F,South East,London,Silver,879.57,11
688,9,41,28,D,F,Midlands,Midlands,Silver,2000,1
689,8,37,52,F,M,North,N West,Tin,0.01,4
690,14,27,24,C,M,Midlands,Wales & West,Silver,1000,4
691,7,68,11,B,F,South West,S West,Gold,6000,1
692,10,48,52,F,F,Midlands,East,Tin,0.01,7
693,4,NA,10,B,M,South East,London,Tin,0.01,5
694,8,55,12,B,F,Midlands,Wales & West,Silver,2000,5
695,11,77,43,E,M,Scottish,Border,Gold,13500,13
696,5,NA,44,E,M,North,N West,Tin,0.01,9
697,10,48,31,D,M,North,N West,Silver,480,1
698,5,66,49,F,F,North,N East,Gold,13740,8
699,5,70,52,F,F,North,N West,Silver,3500,5
700,8,51,51,F,F,South West,S West,Gold,6000,5
701,9,50,32,D,U,Scottish,C Scotland,Tin,0.01,5
702,10,31,25,C,F,South East,London,Tin,0.01,5
703,NA,71,8,B,F,North,N West,Gold,6000,20
704,8,54,14,B,F,South East,S & S East,Tin,0.01,4
705,8,69,25,C,,Scottish,C Scotland,Silver,1952.2,6
706,10,36,11,B,F,North,N East,Tin,0.01,4
707,11,42,51,F,F,South East,London,Gold,6000,4
708,10,35,44,E,F,North,Yorkshire,Silver,500,2
709,5,69,37,E,,Midlands,Midlands,Gold,6000,5
710,17,49,19,C,M,Midlands,Midlands,Silver,3045,6
711,13,72,37,E,,Midlands,East,Gold,11500,3
712,5,64,11,B,M,South West,S West,Silver,3000,2
713,12,74,8,B,F,Scottish,C Scotland,Silver,720,9
714,4,55,37,E,M,Midlands,East,Platinum,34000,3
715,11,70,8,B,F,North,N West,Gold,9000,8
716,8,67,10,B,M,South East,London,Silver,5000,1
717,8,58,52,F,M,Midlands,Midlands,Silver,1000,9
718,6,53,8,B,F,South East,London,Gold,10000,26
719,11,62,14,B,,South East,London,Platinum,20423.74,3
720,14,54,34,D,F,Midlands,Midlands,Gold,6000,2
721,11,66,25,C,F,South East,London,Platinum,20207.01,3
722,11,NA,20,C,M,South East,London,Tin,0.01,10
723,7,64,49,F,M,Midlands,Wales & West,Tin,0.01,5
724,9,77,8,B,U,Midlands,Wales & West,Gold,6000,4
725,5,45,8,B,,South East,London,Gold,6000,2
726,6,45,20,C,M,North,N East,Tin,0.01,10
727,11,78,27,D,U,Midlands,Wales & West,Gold,6000,10
728,9,59,1,A,F,South East,London,Gold,6026.17,7
729,8,48,53,F,M,Midlands,Wales & West,Tin,0.01,5
730,7,33,52,F,F,Midlands,Wales & West,Gold,11195,4
731,13,32,31,D,F,South East,London,Tin,0.01,5
732,10,71,NA,,F,South East,London,Gold,6105.32,8
733,5,60,41,E,F,South East,London,Gold,9058.9,2
734,8,44,37,E,F,South East,S & S East,Tin,0.01,9
735,7,50,24,C,F,Midlands,Wales & West,Silver,3000,8
736,10,36,22,C,F,North,N East,Silver,1100.01,5
737,5,70,4,A,,South East,London,Gold,12053.35,NA
738,12,59,NA,,F,South East,S & S East,Gold,6000,5
739,13,38,20,C,U,Midlands,Midlands,Silver,5000,5
740,6,78,17,C,U,Midlands,Wales & West,Silver,3000,2
741,13,43,38,E,F,Midlands,Midlands,Gold,7000,5
742,10,54,37,E,F,Midlands,Midlands,Tin,0.01,6
743,6,51,41,E,M,Scottish,C Scotland,Silver,2717.26,5
744,9,69,53,F,F,North,Yorkshire,Platinum,29958,5
745,5,43,12,B,F,South East,London,Silver,100,10
746,9,50,41,E,F,,,Gold,6000,1
747,8,NA,37,E,M,Midlands,Wales & West,Silver,2500,5
748,12,31,44,E,F,North,N West,Silver,1100,9
749,11,27,48,F,F,Midlands,East,Silver,2420,4
750,5,NA,8,B,F,South East,S & S East,Tin,0.01,7
751,9,51,44,E,F,Midlands,Midlands,Gold,6000,1
752,10,70,1,A,F,North,N East,Silver,1500,5
753,14,72,23,C,M,South West,S West,Silver,1400,4
754,5,47,8,B,F,South East,S & S East,Gold,9370.38,9
755,3,48,3,A,M,Scottish,C Scotland,Gold,6000,2
756,5,69,12,B,F,South East,London,Silver,1500,16
757,3,65,4,A,F,South East,London,Gold,10000,1
758,14,40,2,A,F,South East,S & S East,Tin,0.01,8
759,12,61,22,C,M,North,Yorkshire,Silver,480,8
760,6,74,12,B,F,South East,London,Tin,0.01,8
761,10,55,53,F,F,Scottish,C Scotland,Silver,600,8
762,8,53,8,B,F,South East,London,Tin,0.01,5
763,6,NA,22,C,M,Midlands,Midlands,Silver,2000,1
764,10,50,52,F,F,South East,London,Gold,10000,9
765,7,68,8,B,F,South East,London,Gold,6000,2
766,3,52,49,F,M,Midlands,East,Gold,6000,1
767,10,47,34,D,M,North,N West,Tin,0.01,5
768,10,50,28,D,F,South East,London,Silver,1000,6
769,8,55,35,D,F,Midlands,Wales & West,Tin,0.01,5
770,NA,51,3,A,F,South East,London,Tin,0.01,8
771,9,77,8,B,F,South East,London,Silver,1500,3
772,10,NA,24,C,F,South East,S & S East,Silver,3000,8
773,6,38,18,C,,North,N West,Tin,0.01,5
774,5,60,5,B,F,North,N West,Tin,0.01,5
775,7,45,22,C,F,South East,London,Silver,2700,12
776,10,NA,38,E,U,Midlands,Midlands,Silver,1920,5
777,13,58,4,A,F,South East,London,Tin,0.01,6
778,14,50,52,F,,South East,London,Silver,50,10
779,9,73,16,C,F,North,Yorkshire,Silver,3713.1,6
780,NA,66,44,E,F,South East,S & S East,Tin,0.01,9
781,15,69,23,C,F,Midlands,Midlands,Gold,12053.35,7
782,13,36,47,F,F,Midlands,Midlands,Tin,0.01,5
783,12,NA,4,A,M,South East,London,Platinum,20403.87,3
784,11,34,53,F,M,Midlands,Midlands,Gold,6000,5
785,14,34,19,C,F,South East,London,Silver,3000,1
786,8,30,32,D,M,Scottish,C Scotland,Tin,0.01,5
787,5,47,28,D,F,Midlands,East,Tin,0.01,NA
788,7,39,49,F,F,South East,S & S East,Gold,9000,8
789,9,45,51,F,F,Midlands,Wales & West,Tin,0.01,4
790,6,NA,52,F,F,North,Yorkshire,Tin,0.01,5
791,7,33,55,U,F,South East,London,Silver,3000,3
792,7,64,50,F,F,Midlands,Midlands,Gold,12050,8
793,10,55,52,F,F,Scottish,C Scotland,Silver,3000,7
794,11,71,37,E,,South East,London,Silver,3000,14
795,7,64,4,A,F,South East,London,Gold,12605.32,17
796,8,53,37,E,F,Midlands,Midlands,Platinum,22000,12
797,10,47,50,F,F,Scottish,C Scotland,Tin,0.01,8
798,7,72,25,C,F,South East,London,Silver,600,7
799,NA,33,18,C,M,Midlands,Midlands,Silver,20,11
800,7,77,52,F,F,Midlands,Midlands,Gold,6000,1
801,10,40,44,E,F,Midlands,Midlands,Silver,500,8
802,11,48,15,B,M,North,N West,Gold,6000,1
803,17,NA,1,A,M,Midlands,Midlands,Silver,4000,5
804,10,63,10,B,U,Midlands,Wales & West,Gold,12160.99,7
805,8,76,12,B,M,Midlands,Midlands,Tin,0.01,6
806,8,64,5,B,F,North,N East,Gold,9000,29
807,16,51,12,B,F,North,N West,Tin,0.01,5
808,7,46,10,B,F,South East,London,Tin,0.01,8
809,5,57,22,C,,South West,S West,Silver,840.01,7
810,10,63,12,B,M,Midlands,Midlands,Silver,5000,12
811,8,67,32,D,M,South East,London,Silver,3000,8
812,10,40,23,C,F,Midlands,Midlands,Tin,0.01,4
813,10,40,51,F,F,Midlands,Midlands,Tin,0.01,4
814,10,46,25,C,M,Midlands,East,Silver,600,2
815,5,79,4,A,F,South East,London,Silver,1000,7
816,11,32,51,F,F,Midlands,Wales & West,Gold,11550.5,10
817,10,49,53,F,F,North,Yorkshire,Silver,3000,4
818,26,55,51,F,F,Midlands,Midlands,Gold,6000,13
819,12,64,3,A,,South East,London,Platinum,70000,4
820,7,48,5,B,,South East,S & S East,Tin,0.01,8
821,6,48,34,D,U,Midlands,East,Tin,0.01,9
822,7,51,53,F,M,Midlands,Wales & West,Gold,6000,5
823,8,75,27,D,F,South West,S West,Silver,4000,2
824,10,64,27,D,M,Midlands,Wales & West,Silver,50,11
825,10,57,5,B,M,South East,S & S East,Silver,700,10
826,NA,66,28,D,F,South East,S & S East,Gold,12000,2
827,13,65,30,D,F,South West,S West,Gold,6053.35,6
828,7,36,32,D,F,Midlands,East,Silver,1000,2
829,12,34,17,C,F,,,Tin,0.01,5
830,11,NA,53,F,F,North,N West,Tin,0.01,5
831,8,37,18,C,M,South East,S & S East,Tin,0.01,5
832,11,37,48,F,F,Scottish,C Scotland,Silver,500,8
833,6,34,5,B,F,South East,S & S East,Gold,6700,6
834,5,61,7,B,M,South East,London,Gold,12160.99,11
835,10,61,20,C,,South East,London,Gold,9000,0
836,7,67,27,D,U,North,Yorkshire,Gold,11100,8
837,7,49,24,C,M,,,Gold,6000,2
838,7,34,51,F,F,Midlands,Midlands,Silver,2300,8
839,6,30,45,E,F,Midlands,Midlands,Tin,0.01,5
840,5,50,31,D,M,South East,London,Silver,600,7
841,4,78,14,B,F,South East,London,Gold,6000,3
842,6,41,32,D,,North,Yorkshire,Tin,0.01,5
843,8,50,12,B,M,Midlands,East,Silver,2500,NA
844,10,44,12,B,F,Midlands,Midlands,Silver,1000,4
845,8,41,46,F,,South West,S West,Tin,0.01,8
846,15,40,51,F,M,North,N West,Tin,0.01,4
847,12,68,5,B,M,Midlands,Midlands,Platinum,38000,4
848,9,77,23,C,F,South East,S & S East,Gold,8400,8
849,8,47,41,E,F,Midlands,Wales & West,Tin,0.01,7
850,7,43,37,E,F,Midlands,Wales & West,Gold,6053.35,7
851,7,NA,38,E,M,South East,London,Silver,2400,8
852,7,65,41,E,,South East,London,Silver,5000,4
853,7,51,14,B,F,South East,London,Platinum,20249.84,3
854,8,78,21,C,F,South East,London,Gold,6053.35,NA
855,22,31,48,F,F,North,N West,Silver,2000,4
856,7,43,16,C,F,Scottish,N Scot,Silver,1020,4
857,7,62,52,F,F,Scottish,C Scotland,Gold,8500,18
858,12,74,8,B,M,South East,S & S East,Tin,0.01,7
859,10,78,8,B,F,Midlands,East,Gold,10000,4
860,9,66,6,B,,,,Gold,6000,2
861,9,69,45,E,U,Midlands,Midlands,Silver,3000,8
862,18,55,19,C,F,Midlands,Wales & West,Silver,3000,7
863,8,47,52,F,M,South East,London,Tin,0.01,7
864,6,61,3,A,M,Scottish,C Scotland,Silver,3000,4
865,9,66,50,F,F,Midlands,East,Gold,12869.97,11
866,10,69,52,F,F,North,N East,Silver,3000,19
867,3,39,18,C,M,South East,S & S East,Tin,0.01,6
868,4,68,8,B,M,South East,S & S East,Silver,4500,9
869,7,58,22,C,F,South East,London,Silver,2000,5
870,6,75,2,A,F,South East,London,Gold,11210.81,6
871,9,70,16,C,F,Midlands,Midlands,Gold,6105.32,9
872,7,45,NA,,,North,N West,Gold,6000,1
873,11,49,51,F,M,South East,London,Tin,0.01,5
874,15,63,18,C,F,South East,London,Silver,3600,8
875,11,54,42,E,M,South East,S & S East,Tin,0.01,5
876,3,70,19,C,F,North,N West,Tin,0.01,5
877,8,42,19,C,M,North,Yorkshire,Tin,0.01,5
878,14,50,41,E,F,Midlands,Wales & West,Tin,0.01,8
879,11,42,4,A,F,South East,London,Silver,600,11
880,9,69,37,E,M,South East,S & S East,Gold,6000,4
881,14,60,15,B,M,South West,S West,Silver,1000,5
882,16,NA,44,E,M,South East,S & S East,Tin,0.01,5
883,15,NA,27,D,M,Scottish,C Scotland,Silver,600,4
884,11,46,3,A,F,South East,London,Silver,500,9
885,5,37,4,A,,South East,London,Gold,7000,11
886,NA,28,28,D,F,South East,S & S East,Silver,250,8
887,4,65,24,C,F,Midlands,Wales & West,Gold,6000,2
888,10,62,25,C,F,Midlands,East,Silver,3000,7
889,5,34,32,D,M,North,Yorkshire,Silver,1500,1
890,7,50,33,D,F,South West,S West,Silver,1017.55,9
891,11,55,49,F,M,North,Yorkshire,Silver,0.02,8
892,NA,64,35,D,F,North,N East,Silver,1000,9
893,8,76,49,F,F,Midlands,East,Gold,6000,1
894,8,45,47,F,M,South East,London,Gold,6053.34,4
895,11,74,27,D,M,Midlands,Wales & West,Silver,5000,5
896,14,49,39,E,F,North,N West,Silver,3000,10
897,9,47,8,B,U,Midlands,East,Silver,2000,4
898,5,58,3,A,F,South East,London,Silver,2500,5
899,6,31,NA,,F,Scottish,N Scot,Tin,0.01,5
900,7,36,50,F,F,North,N West,Gold,15000,11
901,NA,60,3,A,F,Scottish,C Scotland,Silver,3000,16
902,5,44,52,F,M,Midlands,Midlands,Silver,600,1
903,12,76,37,E,M,North,N West,Gold,9026.67,7
904,13,62,23,C,M,North,N East,Gold,6000,1
905,10,36,20,C,F,South East,London,Silver,1800,4
906,7,64,28,D,F,South East,London,Silver,500,1
907,9,72,35,D,F,North,N East,Gold,8000,5
908,2,59,3,A,F,North,N West,Gold,12053.35,6
909,4,64,46,F,,Scottish,N Scot,Tin,0.01,5
910,NA,78,15,B,M,South East,S & S East,Silver,3000,8
911,4,63,53,F,U,South East,S & S East,Silver,660,5
912,5,58,2,A,U,Scottish,Border,Tin,0.01,4
913,10,47,2,A,M,South East,S & S East,Silver,300,15
914,4,25,4,A,F,South East,London,Silver,1200,5
915,8,43,22,C,F,South East,London,Tin,0.01,7
916,7,61,NA,,,Midlands,Ulster,Silver,4350,7
917,13,75,2,A,F,Midlands,Wales & West,Gold,7200,2
918,7,51,31,D,F,South East,London,Gold,17217.78,4
919,9,51,49,F,M,South West,S West,Platinum,30000,1
920,9,53,NA,,,Midlands,Ulster,Silver,70.01,8
921,14,NA,23,C,F,South East,S & S East,Gold,6500,15
922,9,53,3,A,F,South East,London,Tin,0.01,5
923,7,34,52,F,F,South East,London,Tin,0.01,5
924,NA,72,34,D,M,Midlands,Midlands,Gold,6000,8
925,7,68,9,B,F,South East,London,Silver,2000,5
926,9,48,1,A,F,South East,London,Silver,600,8
927,2,66,30,D,U,South East,S & S East,Silver,1000,5
928,5,70,12,B,M,North,N West,Gold,6000,4
929,6,53,52,F,M,South East,S & S East,Tin,0.01,8
930,10,76,37,E,F,Midlands,Wales & West,Silver,5000,1
931,6,57,1,A,F,South East,London,Gold,6000,1
932,6,49,45,E,M,Midlands,Midlands,Silver,4842.12,9
933,14,46,17,C,F,Scottish,C Scotland,Tin,0.01,8
934,12,35,47,F,,South East,London,Gold,6000,2
935,7,50,10,B,M,North,Yorkshire,Silver,5000,10
936,7,57,25,C,F,South East,S & S East,Gold,9053.35,11
937,10,NA,17,C,M,,,Silver,3052.66,7
938,9,40,21,C,F,South East,London,Tin,0.01,8
939,14,51,6,B,F,South East,S & S East,Silver,3000,8
940,5,50,16,C,M,Midlands,Wales & West,Tin,0.01,NA
941,6,43,50,F,F,Midlands,Midlands,Tin,0.01,9
942,14,NA,53,F,F,Scottish,N Scot,Silver,2000,5
943,10,51,19,C,U,South East,S & S East,Tin,0.01,5
944,9,41,52,F,U,Midlands,Midlands,Silver,2500,12
945,15,64,NA,,F,Midlands,Ulster,Gold,6000,2
946,17,66,18,C,F,South East,London,Silver,2600,4
947,9,48,16,C,,Midlands,Wales & West,Tin,0.01,5
948,9,51,53,F,F,Midlands,Wales & West,Tin,0.01,5
949,7,23,4,A,F,North,N West,Silver,1000,5
950,8,37,53,F,M,North,Yorkshire,Tin,0.01,8
951,12,65,22,C,F,South East,London,Gold,6053.34,4
952,8,60,44,E,M,South East,London,Tin,0.01,8
953,9,38,53,F,F,North,N East,Tin,0.01,5
954,9,54,NA,,M,North,Yorkshire,Gold,16000,4
955,10,30,27,D,,South East,London,Tin,0.01,NA
956,13,79,6,B,F,North,N East,Gold,12158.67,7
957,6,51,14,B,M,South East,London,Silver,4000,5
958,NA,48,52,F,F,South East,London,Tin,0.01,5
959,15,52,21,C,F,South East,London,Gold,6000,1
960,7,NA,NA,,M,South East,London,Silver,3000,8
961,7,51,35,D,M,Midlands,Wales & West,Silver,5000,13
962,7,62,16,C,F,North,N West,Gold,8000,4
963,7,36,37,E,F,South East,S & S East,Silver,1000.01,8
964,9,40,38,E,F,North,N East,Silver,265,10
965,7,32,49,F,F,North,N West,Tin,0.01,5
966,9,60,49,F,M,North,Yorkshire,Silver,5000,5
967,7,63,4,A,F,Midlands,Wales & West,Gold,11500,4
968,6,60,27,D,F,South East,London,Gold,18026.67,25
969,7,41,28,D,U,South East,S & S East,Gold,5100.01,11
970,5,56,27,D,F,Midlands,East,Gold,6105.32,7
971,10,55,10,B,M,Scottish,C Scotland,Gold,6000,1
972,8,32,49,F,F,Midlands,East,Silver,30,2
973,13,50,1,A,F,Scottish,C Scotland,Gold,6000,3
974,7,78,NA,,F,Midlands,Ulster,Silver,1250,5
975,7,56,28,D,F,Midlands,Wales & West,Gold,6025,6
976,10,43,14,B,F,South East,S & S East,Gold,12000,21
977,6,44,25,C,F,South East,London,Tin,0.01,5
978,3,48,49,F,,Midlands,East,Tin,0.01,8
979,10,66,12,B,,South East,London,Platinum,20406.39,3
980,11,35,5,B,F,North,N East,Tin,0.01,8
981,11,49,44,E,M,South East,London,Tin,0.01,4
982,11,66,53,F,F,South East,London,Silver,1000,8
983,NA,42,27,D,M,Midlands,Wales & West,Silver,1500,5
984,10,53,25,C,F,South East,London,Silver,3900,2
985,9,56,14,B,U,South East,London,Silver,5000,4
986,8,56,27,D,F,South East,London,Silver,1500,11
987,12,73,52,F,F,Midlands,Midlands,Gold,6053.35,7
988,8,39,31,D,F,South East,London,Tin,0.01,5
989,12,53,6,B,U,South West,S West,Silver,1000,4
990,7,79,24,C,M,Scottish,Border,Gold,18500,12
991,9,NA,42,E,F,South East,London,Tin,0.01,4
992,19,47,34,D,M,Midlands,Midlands,Tin,0.01,8
993,7,77,10,B,U,South East,London,Gold,9500,4
994,9,34,50,F,F,Midlands,Wales & West,Tin,0.01,10
995,9,62,33,D,F,Midlands,Midlands,Silver,3000,8
996,9,73,NA,,M,Midlands,East,Gold,6053.35,14
997,8,46,37,E,F,South East,London,Tin,0.01,8
998,9,53,28,D,,North,N West,Gold,6053.35,6
999,NA,72,2,A,,South East,London,Silver,3000,8
1000,12,61,12,B,F,South East,London,Silver,1500,6